{
  "type": "logistic",
  "bias": -1.6322996458155268,
  "weights": {
    "experts.rsi": 0.6861905489065635,
    "experts.macd": 2.9315354082004066,
    "experts.trend": -0.40243670839543944,
    "regime.volatility": -0.01881433759640235,
    "regime.time_of_day": 0.0032528283982431678
  }
}

