{
  "type": "logistic",
  "bias": -0.1514053940691768,
  "weights": {
    "macd": -0.157465114811661,
    "macd_sig": 0.22665818554945158,
    "macd_hist": -0.3841233003611124,
    "macd_slope": -0.1360710345743727
  }
}

