{
  "type": "logistic",
  "bias": -0.05477264714734553,
  "weights": {
    "macd": -0.17023876184025102,
    "macd_sig": 0.2297813403222111,
    "macd_hist": -0.40002010216246064,
    "macd_slope": -0.12638568016806587
  }
}

