{
  "type": "logistic",
  "bias": 0.0844491583369109,
  "weights": {
    "macd": -1.1527191988658356,
    "macd_sig": 1.2346320947471225,
    "macd_hist": -2.3873512936129586
  }
}

