{
  "type": "logistic",
  "bias": 0.07775551068832298,
  "weights": {
    "rsi": 0.0001826275498691455,
    "bb_z": -0.08310298644451644
  }
}

