{
  "type": "logistic",
  "bias": 0.19494783314490619,
  "weights": {
    "ema20": 0.19040925716392645,
    "ema50": -0.18008356082672877,
    "ema200": -0.016790461895290088
  }
}
