{
  "type": "logistic",
  "bias": -0.1513916080213381,
  "weights": {
    "ema20_rel": -0.35865532151992296,
    "ema50_rel": -0.1686426643759698,
    "ema200_rel": 0.41789088664817403
  }
}
