{
  "type": "logistic",
  "bias": -1.1335899884713958,
  "weights": {
    "experts.rsi": 1.1710539586173976,
    "experts.macd": 1.7562994947813533,
    "experts.trend": -0.18326882924375631,
    "regime.volatility": 0.05111894086733181,
    "regime.tod_sin": -0.09112136816133826,
    "regime.tod_cos": 0.31182713817873003,
    "regime.vol_z": 0.05411663013397412
  }
}
