{
  "type": "logistic",
  "bias": -0.6052892846969946,
  "weights": {
    "rsi": 0.00905363152140626,
    "rsi_slope": 0.0005330367669293741,
    "bb_z": -0.24670817789728938
  }
}
