{
  "type": "logistic",
  "bias": -0.4844946741124973,
  "weights": {
    "rsi": 0.008570881485918908,
    "rsi_slope": 5.2911191939436095e-05,
    "bb_z": -0.23097039960686522
  }
}
