{
  "type": "logistic",
  "bias": -0.05500600988235413,
  "weights": {
    "ema20_rel": -0.9071603108701131,
    "ema50_rel": -0.404112668557841,
    "ema200_rel": 0.6957402641121692
  }
}
