{
  "type": "logistic",
  "bias": 0.0,
  "weights": {
    "ema20": 0.00005,
    "ema200": -0.00003
  }
}

